<?xml version="1.0" encoding="UTF-8"?>
<!-- IBM Confidential OCO Source Materials --><!-- (C) COPYRIGHT IBM CORP. 2011-2024 --><!-- The source code for this program is not published or otherwise divested of its trade secrets, irrespective of what has been deposited with the U.S. Copyright Office. --><BoRecords>     <BoRecord BoId="103804" RecordId="-1" BoName="Organization" GUIId="10002443" GUIName="triMyCompany" ModuleId="10" ModuleName="Organization" CompanyId="208133" ParentName="\Organizations" ActionName="" ObjState="triActive" SourceId="144933813">
<BoSectionName NameValue="RecordInformation">
                     <GeographyName>
                         
                     </GeographyName>
                     <OrgName>
                         \Organizations\IBM
                     </OrgName>
         </BoSectionName>
<BoSectionName NameValue="Details">
         </BoSectionName>
<BoSectionName NameValue="System Info">
                     <Review___Status>
                         
                     </Review___Status>
                     <Prior___State>
                         triReview
                     </Prior___State>
                     <Type>
                         103804
                     </Type>
                     <Parent>
                         208133
                     </Parent>
         </BoSectionName>
<BoSectionName NameValue="General">
                     <triCarbonFootprintNU>
                         
                     </triCarbonFootprintNU>
                     <triCarbonFootprintNU_UOM>
                         US Tons CO2
                     </triCarbonFootprintNU_UOM>
                     <triCarbonCalculationMethodLI>
                         
                     </triCarbonCalculationMethodLI>
                     <triNERCRegionCL>
                         
                     </triNERCRegionCL>
                     <triLastUpdateDA>
                         
                     </triLastUpdateDA>
                     <triScope1CO2NU>
                         0
                     </triScope1CO2NU>
                     <triScope1CO2NU_UOM>
                         US Tons CO2
                     </triScope1CO2NU_UOM>
                     <triScope1CH4NU>
                         0
                     </triScope1CH4NU>
                     <triScope1CH4NU_UOM>
                         US Tons CO2
                     </triScope1CH4NU_UOM>
                     <triScope1N2ONU>
                         0
                     </triScope1N2ONU>
                     <triScope1N2ONU_UOM>
                         US Tons CO2
                     </triScope1N2ONU_UOM>
                     <triScope3TravelNU>
                         0
                     </triScope3TravelNU>
                     <triScope3TravelNU_UOM>
                         US Tons CO2
                     </triScope3TravelNU_UOM>
                     <triScope3WasteNU>
                         0
                     </triScope3WasteNU>
                     <triScope3WasteNU_UOM>
                         US Tons CO2
                     </triScope3WasteNU_UOM>
                     <triCarbonCalcUnitsUO>
                         US Tons CO2
                     </triCarbonCalcUnitsUO>
                     <triScope1CO2RptNU>
                         
                     </triScope1CO2RptNU>
                     <triScope1CO2RptNU_UOM>
                         US Tons CO2
                     </triScope1CO2RptNU_UOM>
                     <triScope1CO2EquityRptNU>
                         0
                     </triScope1CO2EquityRptNU>
                     <triScope1CO2EquityRptNU_UOM>
                         US Tons CO2
                     </triScope1CO2EquityRptNU_UOM>
                     <triScope1CO2EquityNU>
                         0
                     </triScope1CO2EquityNU>
                     <triScope1CO2EquityNU_UOM>
                         US Tons CO2
                     </triScope1CO2EquityNU_UOM>
                     <triScope1CH4RptNU>
                         
                     </triScope1CH4RptNU>
                     <triScope1CH4RptNU_UOM>
                         US Tons CO2
                     </triScope1CH4RptNU_UOM>
                     <triScope1CH4EquityRptNU>
                         0
                     </triScope1CH4EquityRptNU>
                     <triScope1CH4EquityRptNU_UOM>
                         US Tons CO2
                     </triScope1CH4EquityRptNU_UOM>
                     <triScope1CH4EquityNU>
                         0
                     </triScope1CH4EquityNU>
                     <triScope1CH4EquityNU_UOM>
                         US Tons CO2
                     </triScope1CH4EquityNU_UOM>
                     <triScope1N2ORptNU>
                         
                     </triScope1N2ORptNU>
                     <triScope1N2ORptNU_UOM>
                         Metric Ton CO2
                     </triScope1N2ORptNU_UOM>
                     <triScope1N2OEquityRptNU>
                         0
                     </triScope1N2OEquityRptNU>
                     <triScope1N2OEquityRptNU_UOM>
                         Metric Ton CO2
                     </triScope1N2OEquityRptNU_UOM>
                     <triScope1N2OEquityNU>
                         0
                     </triScope1N2OEquityNU>
                     <triScope1N2OEquityNU_UOM>
                         US Tons CO2
                     </triScope1N2OEquityNU_UOM>
                     <triTotalScope1CO2eRptNU>
                         
                     </triTotalScope1CO2eRptNU>
                     <triTotalScope1CO2eRptNU_UOM>
                         US Tons CO2
                     </triTotalScope1CO2eRptNU_UOM>
                     <triTotalScope1CO2eNU>
                         0
                     </triTotalScope1CO2eNU>
                     <triTotalScope1CO2eNU_UOM>
                         US Tons CO2
                     </triTotalScope1CO2eNU_UOM>
                     <triTotalScope1CO2eEquityRptNU>
                         0
                     </triTotalScope1CO2eEquityRptNU>
                     <triTotalScope1CO2eEquityRptNU_UOM>
                         US Tons CO2
                     </triTotalScope1CO2eEquityRptNU_UOM>
                     <triTotalScope1CO2eEquityNU>
                         0
                     </triTotalScope1CO2eEquityNU>
                     <triTotalScope1CO2eEquityNU_UOM>
                         US Tons CO2
                     </triTotalScope1CO2eEquityNU_UOM>
                     <triScope2CO2RptNU>
                         
                     </triScope2CO2RptNU>
                     <triScope2CO2RptNU_UOM>
                         Metric Ton CO2
                     </triScope2CO2RptNU_UOM>
                     <triScope2CO2NU>
                         0
                     </triScope2CO2NU>
                     <triScope2CO2NU_UOM>
                         US Tons CO2
                     </triScope2CO2NU_UOM>
                     <triScope2CO2EquityRptNU>
                         0
                     </triScope2CO2EquityRptNU>
                     <triScope2CO2EquityRptNU_UOM>
                         Metric Ton CO2
                     </triScope2CO2EquityRptNU_UOM>
                     <triScope2CO2EquityNU>
                         0
                     </triScope2CO2EquityNU>
                     <triScope2CO2EquityNU_UOM>
                         US Tons CO2
                     </triScope2CO2EquityNU_UOM>
                     <triScope3TravelRptNU>
                         
                     </triScope3TravelRptNU>
                     <triScope3TravelRptNU_UOM>
                         US Tons CO2
                     </triScope3TravelRptNU_UOM>
                     <triScope3TravelEquityRptNU>
                         0
                     </triScope3TravelEquityRptNU>
                     <triScope3TravelEquityRptNU_UOM>
                         US Tons CO2
                     </triScope3TravelEquityRptNU_UOM>
                     <triScope3TravelEquityNU>
                         0
                     </triScope3TravelEquityNU>
                     <triScope3TravelEquityNU_UOM>
                         US Tons CO2
                     </triScope3TravelEquityNU_UOM>
                     <triScope3WasteRptNU>
                         
                     </triScope3WasteRptNU>
                     <triScope3WasteRptNU_UOM>
                         US Tons CO2
                     </triScope3WasteRptNU_UOM>
                     <triScope3WasteEquityRptNU>
                         0
                     </triScope3WasteEquityRptNU>
                     <triScope3WasteEquityRptNU_UOM>
                         US Tons CO2
                     </triScope3WasteEquityRptNU_UOM>
                     <triScope3WasteEquityNU>
                         0
                     </triScope3WasteEquityNU>
                     <triScope3WasteEquityNU_UOM>
                         US Tons CO2
                     </triScope3WasteEquityNU_UOM>
                     <triTotalEnergyCO2eRptNU>
                         
                     </triTotalEnergyCO2eRptNU>
                     <triTotalEnergyCO2eRptNU_UOM>
                         US Tons CO2
                     </triTotalEnergyCO2eRptNU_UOM>
                     <triTotalEnergyCO2eNU>
                         0
                     </triTotalEnergyCO2eNU>
                     <triTotalEnergyCO2eNU_UOM>
                         US Tons CO2
                     </triTotalEnergyCO2eNU_UOM>
                     <triTotalEnergyCO2eEquityRptNU>
                         0
                     </triTotalEnergyCO2eEquityRptNU>
                     <triTotalEnergyCO2eEquityRptNU_UOM>
                         US Tons CO2
                     </triTotalEnergyCO2eEquityRptNU_UOM>
                     <triTotalEnergyCO2eEquityNU>
                         0
                     </triTotalEnergyCO2eEquityNU>
                     <triTotalEnergyCO2eEquityNU_UOM>
                         US Tons CO2
                     </triTotalEnergyCO2eEquityNU_UOM>
                     <triGrandTotalEmissionRptNU>
                         
                     </triGrandTotalEmissionRptNU>
                     <triGrandTotalEmissionRptNU_UOM>
                         US Tons CO2
                     </triGrandTotalEmissionRptNU_UOM>
                     <triIdTX>
                         1000587
                     </triIdTX>
                     <triGrandTotalEmissionNU>
                         0
                     </triGrandTotalEmissionNU>
                     <triGrandTotalEmissionNU_UOM>
                         US Tons CO2
                     </triGrandTotalEmissionNU_UOM>
                     <triNameTX>
                         IBM
                     </triNameTX>
                     <triGrandTotalEmissionEquityRptNU>
                         0
                     </triGrandTotalEmissionEquityRptNU>
                     <triGrandTotalEmissionEquityRptNU_UOM>
                         US Tons CO2
                     </triGrandTotalEmissionEquityRptNU_UOM>
                     <triStatusCL>
                         \Classifications\Status\Active
                     </triStatusCL>
                     <triGrandTotalEmissionEquityNU>
                         0
                     </triGrandTotalEmissionEquityNU>
                     <triGrandTotalEmissionEquityNU_UOM>
                         US Tons CO2
                     </triGrandTotalEmissionEquityNU_UOM>
                     <triLanguageLI>
                         US English
                     </triLanguageLI>
                     <triEquityShareNU>
                         
                     </triEquityShareNU>
                     <triEquityShareNU_UOM>
                         percent
                     </triEquityShareNU_UOM>
                     <triUserMessageTX>
                         
                     </triUserMessageTX>
                     <triProviderTypeLI>
                         
                     </triProviderTypeLI>
                     <triUserMessageFlagTX>
                         
                     </triUserMessageFlagTX>
                     <triProviderRatingCL>
                         
                     </triProviderRatingCL>
                     <triRecordStateSY>
                         triActive
                     </triRecordStateSY>
                     <triCarbonReportingUO>
                         US Tons CO2
                     </triCarbonReportingUO>
                     <triRecordNameSY>
                         IBM
                     </triRecordNameSY>
                     <triCarbonFootprintEquityNU>
                         
                     </triCarbonFootprintEquityNU>
                     <triCarbonFootprintEquityNU_UOM>
                         US Tons CO2
                     </triCarbonFootprintEquityNU_UOM>
                     <triRecordIdSY>
                         144933813
                     </triRecordIdSY>
                     <triPlanningLevelBL>
                         FALSE
                     </triPlanningLevelBL>
                     <triProjectNameSY>
                         
                     </triProjectNameSY>
                     <triReportingNameTX>
                         IBM
                     </triReportingNameTX>
                     <triProjectIdSY>
                         1
                     </triProjectIdSY>
                     <triScp1OthEmissEqtRptNU>
                         0
                     </triScp1OthEmissEqtRptNU>
                     <triScp1OthEmissEqtRptNU_UOM>
                         US Tons CO2
                     </triScp1OthEmissEqtRptNU_UOM>
                     <triPathSY>
                         \Organizations\IBM
                     </triPathSY>
                     <triScp1OthEmissEqtNU>
                         0
                     </triScp1OthEmissEqtNU>
                     <triScp1OthEmissEqtNU_UOM>
                         US Tons CO2
                     </triScp1OthEmissEqtNU_UOM>
                     <triParentIdSY>
                         208133
                     </triParentIdSY>
                     <triModifiedSY>
                         1724286078910
                     </triModifiedSY>
                     <triScp1OthEmissNU>
                         0
                     </triScp1OthEmissNU>
                     <triScp1OthEmissNU_UOM>
                         US Tons CO2
                     </triScp1OthEmissNU_UOM>
                     <triFormLabelSY>
                         My Company
                     </triFormLabelSY>
                     <triScope1TravelNU>
                         0
                     </triScope1TravelNU>
                     <triScope1TravelNU_UOM>
                         US Tons CO2
                     </triScope1TravelNU_UOM>
                     <triFormIdSY>
                         10002443
                     </triFormIdSY>
                     <triScope1TravelEquityRptNU>
                         0
                     </triScope1TravelEquityRptNU>
                     <triScope1TravelEquityRptNU_UOM>
                         US Tons CO2
                     </triScope1TravelEquityRptNU_UOM>
                     <triCreatedSY>
                         1722373596000
                     </triCreatedSY>
                     <triScope1TravelEquityNU>
                         0
                     </triScope1TravelEquityNU>
                     <triScope1TravelEquityNU_UOM>
                         US Tons CO2
                     </triScope1TravelEquityNU_UOM>
                     <triBusinessObjectLabelSY>
                         Organization
                     </triBusinessObjectLabelSY>
                     <triS2N2OEquityRptNU>
                         0
                     </triS2N2OEquityRptNU>
                     <triS2N2OEquityRptNU_UOM>
                         US Tons CO2
                     </triS2N2OEquityRptNU_UOM>
                     <triBusinessObjectIdSY>
                         103804
                     </triBusinessObjectIdSY>
                     <triS2N2OEquityNU>
                         0
                     </triS2N2OEquityNU>
                     <triS2N2OEquityNU_UOM>
                         US Tons CO2
                     </triS2N2OEquityNU_UOM>
                     <triBusinessObjectLabelTX>
                         Organization
                     </triBusinessObjectLabelTX>
                     <triS2CO2NU>
                         0
                     </triS2CO2NU>
                     <triS2CO2NU_UOM>
                         US Tons CO2
                     </triS2CO2NU_UOM>
                     <triPathTX>
                         \Organizations\IBM
                     </triPathTX>
                     <triS2CO2EquityRptNU>
                         0
                     </triS2CO2EquityRptNU>
                     <triS2CO2EquityRptNU_UOM>
                         US Tons CO2
                     </triS2CO2EquityRptNU_UOM>
                     <SysReserveFlag>
                         FALSE
                     </SysReserveFlag>
                     <triS2CO2EquityNU>
                         0
                     </triS2CO2EquityNU>
                     <triS2CO2EquityNU_UOM>
                         US Tons CO2
                     </triS2CO2EquityNU_UOM>
                     <SysReserveKey>
                         
                     </SysReserveKey>
                     <triS2CH4NU>
                         0
                     </triS2CH4NU>
                     <triS2CH4NU_UOM>
                         US Tons CO2
                     </triS2CH4NU_UOM>
                     <Active___End___Date>
                         
                     </Active___End___Date>
                     <triShortNameTX>
                         
                     </triShortNameTX>
                     <triS2CH4EquityRptNU>
                         0
                     </triS2CH4EquityRptNU>
                     <triS2CH4EquityRptNU_UOM>
                         US Tons CO2
                     </triS2CH4EquityRptNU_UOM>
                     <Active___Start___Date>
                         
                     </Active___Start___Date>
                     <triPayableToTX>
                         
                     </triPayableToTX>
                     <triS2CH4EquityNU>
                         0
                     </triS2CH4EquityNU>
                     <triS2CH4EquityNU_UOM>
                         US Tons CO2
                     </triS2CH4EquityNU_UOM>
                     <triParentLevel1TX>
                         
                     </triParentLevel1TX>
                     <triS2N2ONU>
                         0
                     </triS2N2ONU>
                     <triS2N2ONU_UOM>
                         US Tons CO2
                     </triS2N2ONU_UOM>
                     <triParentLevel0TX>
                         IBM
                     </triParentLevel0TX>
                     <triScope1TravCO2EqtNU>
                         0
                     </triScope1TravCO2EqtNU>
                     <triScope1TravCO2EqtNU_UOM>
                         US Tons CO2
                     </triScope1TravCO2EqtNU_UOM>
                     <triScope1TravCO2EqtRptNU>
                         0
                     </triScope1TravCO2EqtRptNU>
                     <triScope1TravCO2EqtRptNU_UOM>
                         US Tons CO2
                     </triScope1TravCO2EqtRptNU_UOM>
                     <triScope1TravCO2NU>
                         0
                     </triScope1TravCO2NU>
                     <triScope1TravCO2NU_UOM>
                         US Tons CO2
                     </triScope1TravCO2NU_UOM>
                     <triColorCO>
                         #006633
                     </triColorCO>
                     <triScope1TravCH4EqtNU>
                         0
                     </triScope1TravCH4EqtNU>
                     <triScope1TravCH4EqtNU_UOM>
                         US Tons CO2
                     </triScope1TravCH4EqtNU_UOM>
                     <triCostCenterTX>
                         
                     </triCostCenterTX>
                     <triScope1TravCH4EqtRptNU>
                         0
                     </triScope1TravCH4EqtRptNU>
                     <triScope1TravCH4EqtRptNU_UOM>
                         US Tons CO2
                     </triScope1TravCH4EqtRptNU_UOM>
                     <triOrgTypeCL>
                         
                     </triOrgTypeCL>
                     <triScope1TravCH4NU>
                         0
                     </triScope1TravCH4NU>
                     <triScope1TravCH4NU_UOM>
                         US Tons CO2
                     </triScope1TravCH4NU_UOM>
                     <triControlNumberCN>
                         1000587
                     </triControlNumberCN>
                     <triScope1TravN2OEqtNU>
                         0
                     </triScope1TravN2OEqtNU>
                     <triScope1TravN2OEqtNU_UOM>
                         US Tons CO2
                     </triScope1TravN2OEqtNU_UOM>
                     <triScope1TravN2OEqtRptNU>
                         0
                     </triScope1TravN2OEqtRptNU>
                     <triScope1TravN2OEqtRptNU_UOM>
                         US Tons CO2
                     </triScope1TravN2OEqtRptNU_UOM>
                     <triScope1TravN20ONU>
                         0
                     </triScope1TravN20ONU>
                     <triScope1TravN20ONU_UOM>
                         US Tons CO2
                     </triScope1TravN20ONU_UOM>
                     <triContactCenterViewLI>
                         Person Centric
                     </triContactCenterViewLI>
                     <triPagerTX>
                         
                     </triPagerTX>
                     <LocationName>
                         
                     </LocationName>
                     <triEmailTX>
                         
                     </triEmailTX>
                     <triWorkFaxTX>
                         
                     </triWorkFaxTX>
                     <triWorkPhoneTX>
                         
                     </triWorkPhoneTX>
                     <triRevisionNU>
                         0
                     </triRevisionNU>
                     <triRevisionNU_UOM>
                         
                     </triRevisionNU_UOM>
                     <triHatchPatternTX>
                         
                     </triHatchPatternTX>
                     <triDateDA>
                         
                     </triDateDA>
                     <triActiveStartDA>
                         
                     </triActiveStartDA>
                     <triModifiedByTX>
                         Govinda, Nithyan - 1000004
                     </triModifiedByTX>
                     <triActiveEndDA>
                         
                     </triActiveEndDA>
                     <triHRIDTX>
                         
                     </triHRIDTX>
                     <triEnergyStarIdTX>
                         
                     </triEnergyStarIdTX>
                     <triHeadcountNU>
                         0
                     </triHeadcountNU>
                     <triHeadcountNU_UOM>
                         
                     </triHeadcountNU_UOM>
                     <triAccountingCalendarCL>
                         
                     </triAccountingCalendarCL>
                     <triMainPhoneTX>
                         
                     </triMainPhoneTX>
                     <triLeaseAccountingCloseFiscalPeriodCL>
                         
                     </triLeaseAccountingCloseFiscalPeriodCL>
                     <triMainFaxTX>
                         
                     </triMainFaxTX>
                     <triLeaseAccountingOpenFiscalPeriodCL>
                         
                     </triLeaseAccountingOpenFiscalPeriodCL>
                     <triCurrencyUO>
                         US Dollars
                     </triCurrencyUO>
                     <triPrimMailStopTX>
                         
                     </triPrimMailStopTX>
                     <triSetFunctionalCurrencyBL>
                         FALSE
                     </triSetFunctionalCurrencyBL>
                     <triTotalHeadcountNU>
                         
                     </triTotalHeadcountNU>
                     <triTotalHeadcountNU_UOM>
                         
                     </triTotalHeadcountNU_UOM>
                     <triConstructionClassCL>
                         
                     </triConstructionClassCL>
                     <triCreditPeriodNU>
                         30
                     </triCreditPeriodNU>
                     <triCreditPeriodNU_UOM>
                         days
                     </triCreditPeriodNU_UOM>
                     <triCreditLimitNU>
                         
                     </triCreditLimitNU>
                     <triCreditLimitNU_UOM>
                         US Dollars
                     </triCreditLimitNU_UOM>
                     <triDUNSNumTX>
                         
                     </triDUNSNumTX>
                     <triDiscountPeriodNU>
                         30
                     </triDiscountPeriodNU>
                     <triDiscountPeriodNU_UOM>
                         days
                     </triDiscountPeriodNU_UOM>
                     <triDiscountPctNU>
                         
                     </triDiscountPctNU>
                     <triDiscountPctNU_UOM>
                         percent
                     </triDiscountPctNU_UOM>
                     <triEmployeeNU>
                         0
                     </triEmployeeNU>
                     <triEmployeeNU_UOM>
                         
                     </triEmployeeNU_UOM>
                     <triImageIM>
                         
                     </triImageIM>
                     <triMinorityClassCL>
                         
                     </triMinorityClassCL>
                     <triOwnershipLI>
                         Other
                     </triOwnershipLI>
                     <triRegionOfWorkTX>
                         
                     </triRegionOfWorkTX>
                     <triSICCodeCL>
                         
                     </triSICCodeCL>
                     <triTickerSymTX>
                         
                     </triTickerSymTX>
                     <triHeadquartersTX>
                         
                     </triHeadquartersTX>
                     <triMaintenanceCenterCL>
                         
                     </triMaintenanceCenterCL>
                     <triWorkGroupClassCL>
                         
                     </triWorkGroupClassCL>
                     <triCompanyURLUR>
                         
                     </triCompanyURLUR>
                     <triFedIDTX>
                         
                     </triFedIDTX>
                     <triOurAcctNumTX>
                         
                     </triOurAcctNumTX>
                     <triAddressTX>
                         
                     </triAddressTX>
                     <triPreviousStatusCL>
                         \Classifications\Status\Review In Progress
                     </triPreviousStatusCL>
                     <triGeographyLookupTX>
                         
                     </triGeographyLookupTX>
                     <triZipPostalTX>
                         
                     </triZipPostalTX>
                     <triCityTX>
                         
                     </triCityTX>
                     <triCountyTX>
                         
                     </triCountyTX>
                     <triCountryTX>
                         
                     </triCountryTX>
                     <triStateProvTX>
                         
                     </triStateProvTX>
                     <triMetroTX>
                         
                     </triMetroTX>
                     <triRegionTX>
                         
                     </triRegionTX>
                     <triWorldRegionTX>
                         
                     </triWorldRegionTX>
                     <triParentLevel2TX>
                         
                     </triParentLevel2TX>
                     <triParentLevel3TX>
                         
                     </triParentLevel3TX>
                     <triParentLevel4TX>
                         
                     </triParentLevel4TX>
                     <triParentLevel5TX>
                         
                     </triParentLevel5TX>
                     <triFormNameSY>
                         triMyCompany
                     </triFormNameSY>
                     <triMaintenancePriorityCL>
                         
                     </triMaintenancePriorityCL>
                     <triSupervisorTX>
                         
                     </triSupervisorTX>
                     <triDepartmentLevelNU>
                         
                     </triDepartmentLevelNU>
                     <triTimeZonesCL>
                         
                     </triTimeZonesCL>
                     <triExternalLoginTX>
                         
                     </triExternalLoginTX>
                     <triOrgHeadcountNU>
                         0
                     </triOrgHeadcountNU>
                     <triOrgHeadcountNU_UOM>
                         
                     </triOrgHeadcountNU_UOM>
                     <triContactsNU>
                         0
                     </triContactsNU>
                     <triContactsNU_UOM>
                         
                     </triContactsNU_UOM>
                     <triOrganizationName>
                         IBM
                     </triOrganizationName>
                     <triCompetitorFlagBL>
                         FALSE
                     </triCompetitorFlagBL>
                     <triRetailCategoryCL>
                         
                     </triRetailCategoryCL>
                     <triProviderRatingLI>
                         3 - Not Rated
                     </triProviderRatingLI>
                     <triEnvironmentalPracticeBU>
                         FALSE
                     </triEnvironmentalPracticeBU>
                     <triBureauID>
                         
                     </triBureauID>
                     <triAgencyOtherTX>
                         
                     </triAgencyOtherTX>
                     <triDoingBusinessAsTX>
                         
                     </triDoingBusinessAsTX>
                     <triCompanyRegistrationIDTX>
                         
                     </triCompanyRegistrationIDTX>
                     <triLegalClassificationCL>
                         
                     </triLegalClassificationCL>
                     <triPlaceOfRegistrationTX>
                         
                     </triPlaceOfRegistrationTX>
                     <triPlaceOfIncorporationTX>
                         
                     </triPlaceOfIncorporationTX>
                     <triPostBoxTX>
                         
                     </triPostBoxTX>
                     <triComplexNameTX>
                         
                     </triComplexNameTX>
                     <triBuildingNumTX>
                         
                     </triBuildingNumTX>
                     <triBuildingNameTX>
                         
                     </triBuildingNameTX>
                     <triDepartmentTX>
                         
                     </triDepartmentTX>
                     <triRoomIDTX>
                         
                     </triRoomIDTX>
                     <triCitySubDivisionTX>
                         
                     </triCitySubDivisionTX>
                     <triRoleCL>
                         
                     </triRoleCL>
                     <triAPCompanyCodeTX>
                         
                     </triAPCompanyCodeTX>
         </BoSectionName>
<Associations><Association><Name><![CDATA[Is Child Of]]></Name><TargetModule><![CDATA[Organization]]></TargetModule><TargetBo><![CDATA[Organization]]></TargetBo><TargetObjectName><![CDATA[\Organizations]]></TargetObjectName></Association><Association><Name><![CDATA[Primary Organization]]></Name><TargetModule><![CDATA[Organization]]></TargetModule><TargetBo><![CDATA[Organization]]></TargetBo><TargetObjectName><![CDATA[\Organizations\IBM]]></TargetObjectName></Association><Association><Name><![CDATA[Parent Level 0]]></Name><TargetModule><![CDATA[Organization]]></TargetModule><TargetBo><![CDATA[Organization]]></TargetBo><TargetObjectName><![CDATA[\Organizations\IBM]]></TargetObjectName></Association><Association><Name><![CDATA[Auto Recorded By]]></Name><TargetModule><![CDATA[triPeople]]></TargetModule><TargetBo><![CDATA[My Profile]]></TargetBo><TargetObjectName><![CDATA[\Govinda, Nithyan - 1000004]]></TargetObjectName></Association><Association><Name><![CDATA[Previous Status]]></Name><TargetModule><![CDATA[Classification]]></TargetModule><TargetBo><![CDATA[triStatus]]></TargetBo><TargetObjectName><![CDATA[\Classifications\Status\Review In Progress]]></TargetObjectName></Association><Association><Name><![CDATA[Current Status]]></Name><TargetModule><![CDATA[Classification]]></TargetModule><TargetBo><![CDATA[triStatus]]></TargetBo><TargetObjectName><![CDATA[\Classifications\Status\Active]]></TargetObjectName></Association><Association><Name><![CDATA[Has Allocation]]></Name><TargetModule><![CDATA[triSpaceAllocation]]></TargetModule><TargetBo><![CDATA[triOrganizationAllocation]]></TargetBo><TargetObjectName><![CDATA[\1000001]]></TargetObjectName></Association><Association><Name><![CDATA[Has Approval]]></Name><TargetModule><![CDATA[triRouting]]></TargetModule><TargetBo><![CDATA[triApproval]]></TargetBo><TargetObjectName><![CDATA[\Organization-IBM-1089337]]></TargetObjectName></Association><Association><Name><![CDATA[Approved]]></Name><TargetModule><![CDATA[triRouting]]></TargetModule><TargetBo><![CDATA[triApproval]]></TargetBo><TargetObjectName><![CDATA[\Organization-IBM-1089337]]></TargetObjectName></Association><Association><Name><![CDATA[Has Notification]]></Name><TargetModule><![CDATA[triRouting]]></TargetModule><TargetBo><![CDATA[triNotificationDetails]]></TargetBo><TargetObjectName><![CDATA[\Organization-IBM-Active-1000020]]></TargetObjectName></Association><Association><Name><![CDATA[Customer]]></Name><TargetModule><![CDATA[triRequest]]></TargetModule><TargetBo><![CDATA[triServiceRequest]]></TargetBo><TargetObjectName><![CDATA[\1000078-0]]></TargetObjectName></Association><Association><Name><![CDATA[Customer]]></Name><TargetModule><![CDATA[triRequest]]></TargetModule><TargetBo><![CDATA[triServiceRequest]]></TargetBo><TargetObjectName><![CDATA[\1000101-0]]></TargetObjectName></Association><Association><Name><![CDATA[Customer]]></Name><TargetModule><![CDATA[triRequest]]></TargetModule><TargetBo><![CDATA[triServiceRequest]]></TargetBo><TargetObjectName><![CDATA[\1000102-0]]></TargetObjectName></Association><Association><Name><![CDATA[Customer]]></Name><TargetModule><![CDATA[triRequest]]></TargetModule><TargetBo><![CDATA[triServiceRequest]]></TargetBo><TargetObjectName><![CDATA[\1000103-0]]></TargetObjectName></Association><Association><Name><![CDATA[Customer]]></Name><TargetModule><![CDATA[triRequest]]></TargetModule><TargetBo><![CDATA[triServiceRequest]]></TargetBo><TargetObjectName><![CDATA[\1000104-0]]></TargetObjectName></Association><Association><Name><![CDATA[Customer]]></Name><TargetModule><![CDATA[triRequest]]></TargetModule><TargetBo><![CDATA[triServiceRequest]]></TargetBo><TargetObjectName><![CDATA[\1000105-0]]></TargetObjectName></Association><Association><Name><![CDATA[Customer]]></Name><TargetModule><![CDATA[triRequest]]></TargetModule><TargetBo><![CDATA[triServiceRequest]]></TargetBo><TargetObjectName><![CDATA[\1000106-0]]></TargetObjectName></Association><Association><Name><![CDATA[Customer]]></Name><TargetModule><![CDATA[triRequest]]></TargetModule><TargetBo><![CDATA[triServiceRequest]]></TargetBo><TargetObjectName><![CDATA[\1000107-0]]></TargetObjectName></Association><Association><Name><![CDATA[Customer]]></Name><TargetModule><![CDATA[triRequest]]></TargetModule><TargetBo><![CDATA[triServiceRequest]]></TargetBo><TargetObjectName><![CDATA[\1000120-0]]></TargetObjectName></Association><Association><Name><![CDATA[Customer]]></Name><TargetModule><![CDATA[triRequest]]></TargetModule><TargetBo><![CDATA[triServiceRequest]]></TargetBo><TargetObjectName><![CDATA[\1000141-0]]></TargetObjectName></Association><Association><Name><![CDATA[Customer]]></Name><TargetModule><![CDATA[triRequest]]></TargetModule><TargetBo><![CDATA[triServiceRequest]]></TargetBo><TargetObjectName><![CDATA[\1000149-0]]></TargetObjectName></Association><Association><Name><![CDATA[Customer]]></Name><TargetModule><![CDATA[triTask]]></TargetModule><TargetBo><![CDATA[triWorkTask]]></TargetBo><TargetObjectName><![CDATA[\1039081-DEFAULT - Work Task Template - Corrective Maintenance-Lights Out]]></TargetObjectName></Association><Association><Name><![CDATA[Customer]]></Name><TargetModule><![CDATA[triTask]]></TargetModule><TargetBo><![CDATA[triWorkTask]]></TargetBo><TargetObjectName><![CDATA[\1039104-DEFAULT - Work Task Template - Corrective Maintenance-Lights Out]]></TargetObjectName></Association><Association><Name><![CDATA[Customer]]></Name><TargetModule><![CDATA[triTask]]></TargetModule><TargetBo><![CDATA[triWorkTask]]></TargetBo><TargetObjectName><![CDATA[\1039105-DEFAULT - Work Task Template - Corrective Maintenance-Lights Out]]></TargetObjectName></Association><Association><Name><![CDATA[Customer]]></Name><TargetModule><![CDATA[triTask]]></TargetModule><TargetBo><![CDATA[triWorkTask]]></TargetBo><TargetObjectName><![CDATA[\1039106-DEFAULT - Work Task Template - Corrective Maintenance-Lights Out]]></TargetObjectName></Association><Association><Name><![CDATA[Customer]]></Name><TargetModule><![CDATA[triTask]]></TargetModule><TargetBo><![CDATA[triWorkTask]]></TargetBo><TargetObjectName><![CDATA[\1039107-DEFAULT - Work Task Template - Corrective Maintenance-Lights Out]]></TargetObjectName></Association><Association><Name><![CDATA[Customer]]></Name><TargetModule><![CDATA[triTask]]></TargetModule><TargetBo><![CDATA[triWorkTask]]></TargetBo><TargetObjectName><![CDATA[\1039108-DEFAULT - Work Task Template - Corrective Maintenance-Lights Out]]></TargetObjectName></Association><Association><Name><![CDATA[Customer]]></Name><TargetModule><![CDATA[triTask]]></TargetModule><TargetBo><![CDATA[triWorkTask]]></TargetBo><TargetObjectName><![CDATA[\1039109-DEFAULT - Work Task Template - Corrective Maintenance-Lights Out]]></TargetObjectName></Association><Association><Name><![CDATA[Customer]]></Name><TargetModule><![CDATA[triTask]]></TargetModule><TargetBo><![CDATA[triWorkTask]]></TargetBo><TargetObjectName><![CDATA[\1039110-DEFAULT - Work Task Template - Corrective Maintenance-Lights Out]]></TargetObjectName></Association><Association><Name><![CDATA[Customer]]></Name><TargetModule><![CDATA[triTask]]></TargetModule><TargetBo><![CDATA[triWorkTask]]></TargetBo><TargetObjectName><![CDATA[\1039123-DEFAULT - Work Task Template - Corrective Maintenance-Lights Out]]></TargetObjectName></Association><Association><Name><![CDATA[Customer]]></Name><TargetModule><![CDATA[triTask]]></TargetModule><TargetBo><![CDATA[triWorkTask]]></TargetBo><TargetObjectName><![CDATA[\1039144-DEFAULT - Work Task Template - Corrective Maintenance-Lights Out]]></TargetObjectName></Association><Association><Name><![CDATA[Customer]]></Name><TargetModule><![CDATA[triTask]]></TargetModule><TargetBo><![CDATA[triWorkTask]]></TargetBo><TargetObjectName><![CDATA[\1039152-DEFAULT - Work Task Template - Corrective Maintenance-Lights Out]]></TargetObjectName></Association><Association><Name><![CDATA[Abstracted By]]></Name><TargetModule><![CDATA[triAPIConnect]]></TargetModule><TargetBo><![CDATA[triAPICServiceRequest]]></TargetBo><TargetObjectName><![CDATA[\1000086]]></TargetObjectName></Association><Association><Name><![CDATA[Abstracted By]]></Name><TargetModule><![CDATA[triAPIConnect]]></TargetModule><TargetBo><![CDATA[triAPICServiceRequest]]></TargetBo><TargetObjectName><![CDATA[\1000087]]></TargetObjectName></Association><Association><Name><![CDATA[Abstracted By]]></Name><TargetModule><![CDATA[triAPIConnect]]></TargetModule><TargetBo><![CDATA[triAPICServiceRequest]]></TargetBo><TargetObjectName><![CDATA[\1000088]]></TargetObjectName></Association><Association><Name><![CDATA[Abstracted By]]></Name><TargetModule><![CDATA[triAPIConnect]]></TargetModule><TargetBo><![CDATA[triAPICServiceRequest]]></TargetBo><TargetObjectName><![CDATA[\1000089]]></TargetObjectName></Association><Association><Name><![CDATA[Abstracted By]]></Name><TargetModule><![CDATA[triAPIConnect]]></TargetModule><TargetBo><![CDATA[triAPICServiceRequest]]></TargetBo><TargetObjectName><![CDATA[\1000112]]></TargetObjectName></Association><Association><Name><![CDATA[Abstracted By]]></Name><TargetModule><![CDATA[triAPIConnect]]></TargetModule><TargetBo><![CDATA[triAPICServiceRequest]]></TargetBo><TargetObjectName><![CDATA[\1000113]]></TargetObjectName></Association><Association><Name><![CDATA[Abstracted By]]></Name><TargetModule><![CDATA[triAPIConnect]]></TargetModule><TargetBo><![CDATA[triAPICServiceRequest]]></TargetBo><TargetObjectName><![CDATA[\1000114]]></TargetObjectName></Association><Association><Name><![CDATA[Abstracted By]]></Name><TargetModule><![CDATA[triAPIConnect]]></TargetModule><TargetBo><![CDATA[triAPICServiceRequest]]></TargetBo><TargetObjectName><![CDATA[\1000115]]></TargetObjectName></Association><Association><Name><![CDATA[Abstracted By]]></Name><TargetModule><![CDATA[triAPIConnect]]></TargetModule><TargetBo><![CDATA[triAPICServiceRequest]]></TargetBo><TargetObjectName><![CDATA[\1000116]]></TargetObjectName></Association><Association><Name><![CDATA[Abstracted By]]></Name><TargetModule><![CDATA[triAPIConnect]]></TargetModule><TargetBo><![CDATA[triAPICServiceRequest]]></TargetBo><TargetObjectName><![CDATA[\1000117]]></TargetObjectName></Association><Association><Name><![CDATA[Abstracted By]]></Name><TargetModule><![CDATA[triAPIConnect]]></TargetModule><TargetBo><![CDATA[triAPICServiceRequest]]></TargetBo><TargetObjectName><![CDATA[\1000118]]></TargetObjectName></Association><Association><Name><![CDATA[Abstracted By]]></Name><TargetModule><![CDATA[triAPIConnect]]></TargetModule><TargetBo><![CDATA[triAPICServiceRequest]]></TargetBo><TargetObjectName><![CDATA[\1000132]]></TargetObjectName></Association><Association><Name><![CDATA[Abstracted By]]></Name><TargetModule><![CDATA[triAPIConnect]]></TargetModule><TargetBo><![CDATA[triAPICServiceRequest]]></TargetBo><TargetObjectName><![CDATA[\1000153]]></TargetObjectName></Association><Association><Name><![CDATA[Abstracted By]]></Name><TargetModule><![CDATA[triAPIConnect]]></TargetModule><TargetBo><![CDATA[triAPICServiceRequest]]></TargetBo><TargetObjectName><![CDATA[\1000161]]></TargetObjectName></Association></Associations>     </BoRecord>
</BoRecords>
