<?xml version="1.0" encoding="UTF-8"?>
<!-- IBM Confidential OCO Source Materials --><!-- (C) COPYRIGHT IBM CORP. 2011-2024 --><!-- The source code for this program is not published or otherwise divested of its trade secrets, irrespective of what has been deposited with the U.S. Copyright Office. --><BoRecords>     <BoRecord BoId="10030383" RecordId="-1" BoName="triOslcLinkedResource" GUIId="10043097" GUIName="triOslcLinkedResource" ModuleId="23828" ModuleName="triOslc" CompanyId="208133" ParentName="" ActionName="" ObjState="created" SourceId="144939238">
<BoSectionName NameValue="System Info">
                     <Review___Status>
                         
                     </Review___Status>
                     <Prior___State>
                         created
                     </Prior___State>
                     <LocationId>
                         
                     </LocationId>
                     <OrganizationId>
                         
                     </OrganizationId>
                     <GeographyId>
                         
                     </GeographyId>
                     <CreatedBy>
                         144931281
                     </CreatedBy>
                     <ModifiedBy>
                         
                     </ModifiedBy>
                     <CreatedTime>
                         1724273886813
                     </CreatedTime>
                     <ModifiedTime>
                         1724794296380
                     </ModifiedTime>
                     <Type>
                         10030383
                     </Type>
                     <Parent>
                         
                     </Parent>
         </BoSectionName>
<BoSectionName NameValue="General">
                     <GeographyName>
                         
                     </GeographyName>
                     <triLinkedResourceTX>
                         cstBuildingServiceAvailableCategoriesRS
                     </triLinkedResourceTX>
                     <triRepresentationLI>
                         Inline
                     </triRepresentationLI>
                     <triOslcOccursLI>
                         Zero or Many
                     </triOslcOccursLI>
                     <triNamespaceTX>
                         http://jazz.net/ns/ism/smarter_physical_infrastructure#
                     </triNamespaceTX>
                     <triNameTX>
                         cstAssociatedBuildingServiceCategories
                     </triNameTX>
                     <triRecordIdSY>
                         144939238
                     </triRecordIdSY>
                     <triModifiedDateTimeNumberSY>
                         1724794296380
                     </triModifiedDateTimeNumberSY>
                     <LocationName>
                         \Locations\Test Building\First Floor\Space1
                     </LocationName>
                     <triIdTX>
                         cstAssociatedBuildingServiceCategories
                     </triIdTX>
                     <OrgName>
                         \Organizations\IBM
                     </OrgName>
                     <triAssociationStringLI>
                         Has Request Class
                     </triAssociationStringLI>
         </BoSectionName>
<Associations><Association><Name><![CDATA[Primary Organization]]></Name><TargetModule><![CDATA[Organization]]></TargetModule><TargetBo><![CDATA[Organization]]></TargetBo><TargetObjectName><![CDATA[\Organizations\IBM]]></TargetObjectName></Association><Association><Name><![CDATA[Primary Location]]></Name><TargetModule><![CDATA[Location]]></TargetModule><TargetBo><![CDATA[triSpace]]></TargetBo><TargetObjectName><![CDATA[\Locations\Test Building\First Floor\Space1]]></TargetObjectName></Association><Association><Name><![CDATA[Is Contained By]]></Name><TargetModule><![CDATA[triOslc]]></TargetModule><TargetBo><![CDATA[triOslcShape]]></TargetBo><TargetObjectName><![CDATA[\triLocationRS]]></TargetObjectName></Association><Association><Name><![CDATA[Is Contained By]]></Name><TargetModule><![CDATA[triOslc]]></TargetModule><TargetBo><![CDATA[triOslcShape]]></TargetBo><TargetObjectName><![CDATA[\triAPICBuildingRS]]></TargetObjectName></Association><Association><Name><![CDATA[Has Reference Only]]></Name><TargetModule><![CDATA[triOslc]]></TargetModule><TargetBo><![CDATA[triOslcShape]]></TargetBo><TargetObjectName><![CDATA[\cstBuildingServiceAvailableCategoriesRS]]></TargetObjectName></Association><Association><Name><![CDATA[Is Contained By]]></Name><TargetModule><![CDATA[triOslc]]></TargetModule><TargetBo><![CDATA[triOslcShape]]></TargetBo><TargetObjectName><![CDATA[\cstLocationRS]]></TargetObjectName></Association><Association><Name><![CDATA[Contains]]></Name><TargetModule><![CDATA[triOslc]]></TargetModule><TargetBo><![CDATA[triOslcPrefixDefinition]]></TargetBo><TargetObjectName><![CDATA[\spi - http://jazz.net/ns/ism/smarter_physical_infrastructure#]]></TargetObjectName></Association></Associations>     </BoRecord>
</BoRecords>
