<?xml version="1.0" encoding="UTF-8"?>
<!-- IBM Confidential OCO Source Materials --><!-- (C) COPYRIGHT IBM CORP. 2011-2024 --><!-- The source code for this program is not published or otherwise divested of its trade secrets, irrespective of what has been deposited with the U.S. Copyright Office. --><BoRecords>     <BoRecord BoId="10030379" RecordId="-1" BoName="triOslcShape" GUIId="10043100" GUIName="triOslcShape" ModuleId="23828" ModuleName="triOslc" CompanyId="208133" ParentName="" ActionName="" ObjState="created" SourceId="144939210">
<BoSectionName NameValue="System Info">
                     <Review___Status>
                         
                     </Review___Status>
                     <Prior___State>
                         created
                     </Prior___State>
                     <LocationId>
                         
                     </LocationId>
                     <OrganizationId>
                         
                     </OrganizationId>
                     <GeographyId>
                         
                     </GeographyId>
                     <CreatedBy>
                         144931281
                     </CreatedBy>
                     <ModifiedBy>
                         
                     </ModifiedBy>
                     <CreatedTime>
                         1724273184419
                     </CreatedTime>
                     <ModifiedTime>
                         1724794326170
                     </ModifiedTime>
                     <Type>
                         10030379
                     </Type>
                     <Parent>
                         
                     </Parent>
         </BoSectionName>
<BoSectionName NameValue="General">
                     <triQueryPerModuleLI>
                         
                     </triQueryPerModuleLI>
                     <triNamespaceTX>
                         http://jazz.net/ns/ism/smarter_physical_infrastructure#
                     </triNamespaceTX>
                     <triConstructedUrlTX>
                         /oslc/shapes/cstBuildingAvailableServicesRS
                     </triConstructedUrlTX>
                     <triConstructedUrlHiddenTX>
                         /oslc/shapes/cstBuildingAvailableServicesRS
                     </triConstructedUrlHiddenTX>
                     <triDefaultFormLI>
                         Request Class (triRequestClass)
                     </triDefaultFormLI>
                     <triNameTX>
                         BuildingAvailableServices
                     </triNameTX>
                     <LocationName>
                         \Locations\Test Building\First Floor\Space1
                     </LocationName>
                     <triRecordIdSY>
                         144939210
                     </triRecordIdSY>
                     <OrgName>
                         \Organizations\IBM
                     </OrgName>
                     <triModifiedDateTimeNumberSY>
                         1724794326170
                     </triModifiedDateTimeNumberSY>
                     <GeographyName>
                         
                     </GeographyName>
                     <triIdTX>
                         cstBuildingAvailableServicesRS
                     </triIdTX>
                     <triModuleLI>
                         Classification
                     </triModuleLI>
                     <triBOLI>
                         Request Class (triRequestClass)
                     </triBOLI>
                     <triQueryListLI>
                         triRequestClass - OSLC - Available Request Class Services for Building
                     </triQueryListLI>
                     <triTitleTX>
                         Building Available Services
                     </triTitleTX>
                     <triIsAssociatedBL>
                         FALSE
                     </triIsAssociatedBL>
                     <triResourceTypeTX>
                         
                     </triResourceTypeTX>
                     <triUsageTX>
                         
                     </triUsageTX>
                     <triHideActionsTX>
                         
                     </triHideActionsTX>
                     <triIgnoreActionBL>
                         FALSE
                     </triIgnoreActionBL>
                     <triEnglishOnlyBL>
                         FALSE
                     </triEnglishOnlyBL>
         </BoSectionName>
<Associations><Association><Name><![CDATA[Primary Organization]]></Name><TargetModule><![CDATA[Organization]]></TargetModule><TargetBo><![CDATA[Organization]]></TargetBo><TargetObjectName><![CDATA[\Organizations\IBM]]></TargetObjectName></Association><Association><Name><![CDATA[Primary Location]]></Name><TargetModule><![CDATA[Location]]></TargetModule><TargetBo><![CDATA[triSpace]]></TargetBo><TargetObjectName><![CDATA[\Locations\Test Building\First Floor\Space1]]></TargetObjectName></Association><Association><Name><![CDATA[Contains]]></Name><TargetModule><![CDATA[triOslc]]></TargetModule><TargetBo><![CDATA[triOslcPrefixDefinition]]></TargetBo><TargetObjectName><![CDATA[\spi - http://jazz.net/ns/ism/smarter_physical_infrastructure#]]></TargetObjectName></Association><Association><Name><![CDATA[Is Reference Only]]></Name><TargetModule><![CDATA[triOslc]]></TargetModule><TargetBo><![CDATA[triOslcLinkedResource]]></TargetBo><TargetObjectName><![CDATA[\cstAssociatedBuildingServices]]></TargetObjectName></Association><Association><Name><![CDATA[Contains]]></Name><TargetModule><![CDATA[triOslc]]></TargetModule><TargetBo><![CDATA[triOslcProperty]]></TargetBo><TargetObjectName><![CDATA[\triIdTX-triBuildingAvailableServicesRS-RecordInformation-0]]></TargetObjectName></Association><Association><Name><![CDATA[Contains]]></Name><TargetModule><![CDATA[triOslc]]></TargetModule><TargetBo><![CDATA[triOslcProperty]]></TargetBo><TargetObjectName><![CDATA[\triDescriptionRequiredBL-triBuildingAvailableServicesRS-RecordInformation-0]]></TargetObjectName></Association><Association><Name><![CDATA[Contains]]></Name><TargetModule><![CDATA[triOslc]]></TargetModule><TargetBo><![CDATA[triOslcProperty]]></TargetBo><TargetObjectName><![CDATA[\triWorkplaceServicesSeqNU-triBuildingAvailableServicesRS-RecordInformation-0]]></TargetObjectName></Association><Association><Name><![CDATA[Contains]]></Name><TargetModule><![CDATA[triOslc]]></TargetModule><TargetBo><![CDATA[triOslcProperty]]></TargetBo><TargetObjectName><![CDATA[\triRecordIdSY-triBuildingAvailableServicesRS-RecordInformation-0]]></TargetObjectName></Association><Association><Name><![CDATA[Contains]]></Name><TargetModule><![CDATA[triOslc]]></TargetModule><TargetBo><![CDATA[triOslcProperty]]></TargetBo><TargetObjectName><![CDATA[\triNameTX-triBuildingAvailableServicesRS-RecordInformation-0]]></TargetObjectName></Association><Association><Name><![CDATA[Contains]]></Name><TargetModule><![CDATA[triOslc]]></TargetModule><TargetBo><![CDATA[triOslcProperty]]></TargetBo><TargetObjectName><![CDATA[\triWorkplaceServicesLabelTX-triBuildingAvailableServicesRS-RecordInformation-0]]></TargetObjectName></Association><Association><Name><![CDATA[Contains]]></Name><TargetModule><![CDATA[triOslc]]></TargetModule><TargetBo><![CDATA[triOslcProperty]]></TargetBo><TargetObjectName><![CDATA[\triPathSY-triBuildingAvailableServicesRS-RecordInformation-0]]></TargetObjectName></Association><Association><Name><![CDATA[Contains]]></Name><TargetModule><![CDATA[triOslc]]></TargetModule><TargetBo><![CDATA[triOslcProperty]]></TargetBo><TargetObjectName><![CDATA[\triImageIM-triBuildingAvailableServicesRS-RecordInformation-0]]></TargetObjectName></Association><Association><Name><![CDATA[Contains]]></Name><TargetModule><![CDATA[triOslc]]></TargetModule><TargetBo><![CDATA[triOslcProperty]]></TargetBo><TargetObjectName><![CDATA[\triWorkplaceServicesIconIM-triBuildingAvailableServicesRS-RecordInformation-0]]></TargetObjectName></Association><Association><Name><![CDATA[Contains]]></Name><TargetModule><![CDATA[triOslc]]></TargetModule><TargetBo><![CDATA[triOslcProperty]]></TargetBo><TargetObjectName><![CDATA[\triWorkplaceServicesGroupLI-triBuildingAvailableServicesRS-RecordInformation-0]]></TargetObjectName></Association><Association><Name><![CDATA[Contains]]></Name><TargetModule><![CDATA[triOslc]]></TargetModule><TargetBo><![CDATA[triOslcProperty]]></TargetBo><TargetObjectName><![CDATA[\triWorkplaceServicesFormTX-triBuildingAvailableServicesRS-RecordInformation-0]]></TargetObjectName></Association><Association><Name><![CDATA[Contains]]></Name><TargetModule><![CDATA[triOslc]]></TargetModule><TargetBo><![CDATA[triOslcProperty]]></TargetBo><TargetObjectName><![CDATA[\Parent-triBuildingAvailableServicesRS-System Info-0]]></TargetObjectName></Association><Association><Name><![CDATA[Contains]]></Name><TargetModule><![CDATA[triOslc]]></TargetModule><TargetBo><![CDATA[triOslcProperty]]></TargetBo><TargetObjectName><![CDATA[\triWorkplaceServicesBL-triBuildingAvailableServicesRS-RecordInformation-0]]></TargetObjectName></Association></Associations>     </BoRecord>
</BoRecords>
